<ArrayOfPlaceFacts>

<PlaceFacts>
  <Place>
    <City>Detroit</City>
    <State/>
    <Country>North America</Country>
  </Place>
  <Center>
    <Lon>-83.13300323</Lon>
    <Lat>42.0999</Lat>
  </Center>
</PlaceFacts>

<PlaceFacts>
  <Place>
    <City>Detroit</City>
    <State>Texas</State>
    <Country>United States</Country>
  </Place>
  <Center>
    <Lon>70</Lon>
    <Lat>45</Lat>
  </Center>
</PlaceFacts>

<PlaceFacts>
  <Place>
    <City>Detroit</City>
    <State>Texas</State>
    <Country>United States</Country>
  </Place>
  <Center>
    <Lon>122</Lon>
    <Lat>48</Lat>
  </Center>
</PlaceFacts>
<ArrayOfPlaceFacts>
