<newsdoc>
  <news>
    <title>MM launches Flash Comm Server</title>
    <date>15th July, 2002</date>
    <shortdesc>Macromedia launches it's new server - Flash Communication server meant for real online collaborations.</shortdesc>
    <longdesc>Macromedia launches it's new server - Flash Communication server meant for real online collaborations. 
With Flash Comm server, you can Drag and drop components to build standard communication applications quickly and easily. Modify components to match your site design and add custom logos, backgrounds, and other design elements with the easy-to-use visual design tools in Macromedia Flash MX. Then customize component source code to create an even wider variety of applications.</longdesc>
  </news>
  <news>
    <title>MM unveils Remoting for .NET</title>
    <date>1st June, 2002</date>
    <shortdesc>In a special event today, Macromedia released the Beta version of Remoting for .NET - Salsa, the next generation tool for connecting Flash to web services. </shortdesc>
    <longdesc>In a special event today, Macromedia released the Beta version of Remoting for .NET - Salsa, the next generation tool for connecting Flash to web services. 
Macromedia Flash Remoting simplifies the Macromedia Flash application development process by providing a powerful yet simple programming model and runtime enabling Macromedia Flash MX to connect to remote services exposed by application servers and web services. Macromedia Flash Remoting supports ColdFusion, JRun, .Net and Java. 
Flash Remoting is a native feature of both ColdFusion MX and JRun 4, and will be available for purchase separately at a later date. To experience Macromedia Flash Remoting today, you need either a licensed copy, trial or preview release of Macromedia Flash MX and ColdFusion MX or JRun 4. You also need to download the Macromedia Flash Remoting Components to add the new NetServices APIs to Flash MX.</longdesc>
  </news>
  <news>
    <title>MM unleashes UI Component Set 2</title>
    <date>2nd May, 2002</date>
    <shortdesc>Macromedia released the Set 2 of the User Interface Components, to be used in Flash MX.</shortdesc>
    <longdesc>Macromedia released the Set 2 of the User Interface Components, to be used in Flash MX. This set of components contain a Calendar component, a DraggablePane Component, an IconButton Component, a MessageBox Component, a ProgressBar Component, a SplitView Component, a Ticker Component and a Tree Component. Phew! Macromedia is aiming to scrap HTML and make Flash the vehicle of User Interface.</longdesc>
  </news>
  <news>
    <title>
    </title>
    <date>
    </date>
    <shortdesc>
    </shortdesc>
    <longdesc>
    </longdesc>
  </news>
</newsdoc>