<address_book>

  <contact name="Bob Smith">
    <phone id="home">555-555-1212</phone>
    <phone id="mobile">555-555-8640</phone>
    <address id="home">
      <house>123</house>
      <street>Norham Gardens</street>
      <city>Muncie</city>
      <state>IN</state>
      <zip>47302</zip>
    </address>
  </contact>

  <contact name="Jane Doe">
    <phone id="home">555-555-3518</phone>
    <address id="home">
      <house>1829</house>
      <street>Woodstock Road</street>
      <city>Dallas</city>
      <state>TX</state>
      <zip>13749</zip>
    </address>
    <email id="home">jdoe@someisp.net</email>
  </contact>

</address_book>